FirstName,LastName,UserName,Product,Gender,ProductName,customMessage,Address,City,Zip,State,ShippingComment,Language,DOB,NewDOB,NewPassword,NewAddress,NewCity,NewZip,NewState,SubscribeMail,MessageBox,BrowserOption
Test,User,abc835@gmail.com,Mugs,Male,Customizable mug,Happy Birthday,221 Baker Street,New York,70081,New York,Please send items asap,Galego,02-12-00,03-19-01,ssousgaoQ@35698395,225 Baker Street,TestCity1,12341,Alaska,test061@gmail.com,"I recently received my order, but the product delivered is different from what I ordered. The item does not match the product shown on the website.",msedge.exe
Testing,Userr,abc954@gmail.com,Mugs,Male,Mug The adventure begins,Happy Anniversary,222 Baker Street,New Jersey,70091,New Mexico,Please send items at give address only,English,02-12-01,03-19-02,ssousgaoQ@35698395,226 Baker Street,TestCity2,12342,Alaska,testing002@gmail.com,,chrome.exe
John,Useer,ober052@gmail.com,T-shirt,Male,Hummingbird printed t-shirt,NA,223 Baker Street,New Jersey,70092,New Mexico,,,02-12-02,03-19-03,ssousgaoQ@35698395,227 Baker Street,TestCity3,12343,Alaska,john012@gmail.com,,
Ankit,User,nbr052@gmail.com,Frame,Male,Pack Mug + Framed poster,NA,224 Baker Street,New Jersey,70093,New Mexico,,,02-12-03,03-19-04,ssousgaoQ@35698395,228 Baker Street,TestCity4,12344,Alaska,ankit0142@gmail.com,,
Aman,User,mbr052@gmail.com,Mugs,Female,Mug Today is a good day,NA,225 Baker Street,New Jersey,70094,New Mexico,,,02-12-04,03-19-05,ssousgaoQ@35698395,229 Baker Street,TestCity5,12345,Alaska,aman042@gmail.com,,
Ayush,User,yb172@gmail.com,,Male,,,226 Baker Street,New Jersey,70095,New Mexico,,,02-12-05,03-19-06,ssousgaoQ@35698395,230 Baker Street,TestCity6,12346,Alaska,ayush082@gmail.com,,
Sahil,User,ar854@gmail.com,,Male,,,227 Baker Street,New Jersey,70096,New Mexico,,,02-12-06,03-19-07,ssousgaoQ@35698395,231 Baker Street,TestCity7,12347,Alaska,sahil082@gmail.com,,
Amar,User,mbr052@gmail.com,,Male,,,228 Baker Street,New Jersey,70097,New Mexico,,,02-12-07,03-19-08,ssousgaoQ@35698395,232 Baker Street,TestCity8,12348,Alaska,amar002@gmail.com,,
Amit,User,mbr022@gmail.com,,Female,,,229 Baker Street,New Jersey,70098,New Mexico,,,02-12-08,03-19-09,ssousgaoQ@35698395,233 Baker Street,TestCity9,12349,Alaska,amit072@gmail.com,,
Manpreet,User,asb023@gmail.com,,Male,,,230 Baker Street,New Jersey,70099,New Mexico,,,02-12-09,03-19-10,ssousgaoQ@35698395,234 Baker Street,TestCity10,12350,Alaska,manpreet703@gmail.com,,
Naman,User,abr023@gmail.com,,Male,,,231 Baker Street,New Jersey,70100,New Mexico,,,02-12-10,03-19-11,ssousgaoQ@35698395,235 Baker Street,TestCity11,12351,Alaska,naman373@gmail.com,,